timestamp,n_samples,n_features,classes,activation,solver,iterations,train_score,test_score,system,layers,layer_size,average processor power,score
2022-03-23T14:46:41.786639,1000,50,2,relu,adam,196,1.0,0.9,Dyon,1,100, 26.032684,10
2022-03-23T14:42:03.715986,1000,20,2,relu,adam,191,1.0,0.908,Dyon,1,500, 26.819740,11
2022-03-23T14:42:32.519018,2000,20,2,relu,adam,196,1.0,0.95,Dyon,1,500, 26.939275,12
2022-03-23T14:50:53.911629,1000,100,2,relu,adam,83,1.0,0.864,Dyon,1,200, 26.975014,13
2022-03-23T14:50:47.896003,1000,100,2,relu,adam,106,1.0,0.82,Dyon,1,100, 27.015294,14
2022-03-23T14:43:18.925271,5000,20,2,relu,adam,189,1.0,0.9624,Dyon,1,500, 27.125915,15
2022-03-23T14:41:47.559736,1000,20,2,relu,adam,200,0.9973333333333332,0.888,Dyon,1,100, 27.155955,16
2022-03-23T14:51:23.033393,2000,100,2,relu,adam,57,1.0,0.932,Dyon,1,500, 27.233760,17
2022-03-23T14:41:54.950361,1000,20,2,relu,adam,200,1.0,0.904,Dyon,1,200, 27.248971,18
2022-03-23T14:52:04.831975,1000,100,3,relu,adam,98,1.0,0.704,Dyon,1,200, 27.255111,19
2022-03-23T14:42:21.831456,2000,20,2,relu,adam,200,1.0,0.944,Dyon,1,200, 27.312797,20
2022-03-23T14:51:08.580265,2000,100,2,relu,adam,92,1.0,0.92,Dyon,1,100, 27.320058,21
2022-03-23T14:42:45.565834,5000,20,2,relu,adam,200,0.9968,0.9616,Dyon,1,100, 27.327587,22
2022-03-23T14:46:48.239726,1000,50,2,relu,adam,126,1.0,0.916,Dyon,1,200, 27.338731,23
2022-03-23T14:51:15.752177,2000,100,2,relu,adam,77,1.0,0.926,Dyon,1,200, 27.461078,24
2022-03-23T14:51:41.955325,5000,100,2,relu,adam,70,1.0,0.9624,Dyon,1,200, 27.471556,25
2022-03-23T14:43:00.347120,5000,20,2,relu,adam,200,1.0,0.9568,Dyon,1,200, 27.490709,26
2022-03-23T14:47:11.319430,2000,50,2,relu,adam,114,1.0,0.948,Dyon,1,200, 27.638439,27
2022-03-23T14:47:03.506625,2000,50,2,relu,adam,151,1.0,0.946,Dyon,1,100, 27.679598,28
2022-03-23T14:46:55.381626,1000,50,2,relu,adam,89,1.0,0.928,Dyon,1,500, 27.719762,29
2022-03-23T14:51:32.502140,5000,100,2,relu,adam,85,1.0,0.94,Dyon,1,100, 27.789070,30
2022-03-23T14:51:52.550725,5000,100,2,relu,adam,52,1.0,0.9664,Dyon,1,500, 27.906437,31
2022-03-23T14:47:39.063189,5000,50,2,relu,adam,85,1.0,0.9744,Dyon,1,200, 27.909005,32
2022-03-23T14:47:29.516310,5000,50,2,relu,adam,114,1.0,0.9712,Dyon,1,100, 27.929617,33
2022-03-23T14:52:25.691661,2000,100,3,relu,adam,91,1.0,0.872,Dyon,1,200, 27.932045,34
2022-03-23T14:43:33.268994,1000,20,3,relu,adam,200,1.0,0.88,Dyon,1,200, 28.103449,35
2022-03-23T14:52:11.238261,1000,100,3,relu,adam,69,1.0,0.78,Dyon,1,500, 28.206318,36
2022-03-23T14:43:41.769015,1000,20,3,relu,adam,200,1.0,0.888,Dyon,1,500, 28.275316,37
2022-03-23T14:47:19.547561,2000,50,2,relu,adam,81,1.0,0.952,Dyon,1,500, 28.337790,38
2022-03-23T14:47:50.248949,5000,50,2,relu,adam,66,1.0,0.9776,Dyon,1,500, 28.351754,39
2022-03-23T14:53:16.723602,1000,100,7,relu,adam,141,1.0,0.42,Dyon,1,200, 28.397387,40
2022-03-23T15:00:11.395997,1000,50,2,relu,adam,97,1.0,0.9,Dyon,2,100, 28.445452,41
2022-03-23T14:52:51.306152,5000,100,3,relu,adam,74,1.0,0.9192,Dyon,1,200, 28.527114,42
2022-03-23T14:43:26.081458,1000,20,3,relu,adam,200,0.9946666666666668,0.888,Dyon,1,100, 28.551693,43
2022-03-23T14:48:11.808711,1000,50,3,relu,adam,110,1.0,0.892,Dyon,1,500, 28.553736,44
2022-03-23T14:43:57.690870,2000,20,3,relu,adam,200,1.0,0.92,Dyon,1,200, 28.576930,45
2022-03-23T14:48:04.097788,1000,50,3,relu,adam,164,1.0,0.848,Dyon,1,200, 28.582832,46
2022-03-23T15:05:09.592693,1000,100,2,relu,adam,70,1.0,0.816,Dyon,2,200, 28.606115,47
2022-03-23T14:52:33.514487,2000,100,3,relu,adam,67,1.0,0.884,Dyon,1,500, 28.709205,48
2022-03-23T14:48:35.199690,2000,50,3,relu,adam,94,1.0,0.896,Dyon,1,500, 28.753796,49
2022-03-23T14:44:58.097097,1000,20,7,relu,adam,200,0.9706666666666668,0.664,Dyon,1,100, 28.765517,50
2022-03-23T14:51:58.738254,1000,100,3,relu,adam,137,1.0,0.668,Dyon,1,100, 28.804454,51
2022-03-23T14:53:09.125871,1000,100,7,relu,adam,192,1.0,0.408,Dyon,1,100, 28.831337,52
2022-03-23T14:43:49.034583,2000,20,3,relu,adam,200,0.9993333333333332,0.918,Dyon,1,100, 28.862924,53
2022-03-23T14:49:13.182989,1000,50,7,relu,adam,200,1.0,0.544,Dyon,1,100, 28.879214,54
2022-03-23T14:45:23.117791,2000,20,7,relu,adam,200,0.9786666666666668,0.782,Dyon,1,100, 28.884654,55
2022-03-23T15:00:18.583539,1000,50,2,relu,adam,75,1.0,0.908,Dyon,2,200, 28.926403,56
2022-03-23T14:44:08.753372,2000,20,3,relu,adam,200,1.0,0.916,Dyon,1,500, 28.951748,57
2022-03-23T14:47:57.108356,1000,50,3,relu,adam,200,1.0,0.864,Dyon,1,100, 28.957978,58
2022-03-23T15:05:02.295817,1000,100,2,relu,adam,85,1.0,0.856,Dyon,2,100, 28.992059,59
2022-03-23T14:48:26.782512,2000,50,3,relu,adam,126,1.0,0.874,Dyon,1,200, 29.106761,60
2022-03-23T14:44:31.565893,5000,20,3,relu,adam,200,1.0,0.9272,Dyon,1,200, 29.113142,61
2022-03-23T14:54:35.993353,1000,20,2,relu,adam,137,1.0,0.908,Dyon,2,100, 29.125232,62
2022-03-23T14:54:43.837141,1000,20,2,relu,adam,92,1.0,0.904,Dyon,2,200, 29.147066,63
2022-03-23T15:15:29.379120,1000,50,2,relu,adam,45,1.0,0.884,Dyon,3,200, 29.159240,64
2022-03-23T14:53:23.967678,1000,100,7,relu,adam,98,1.0,0.496,Dyon,1,500, 29.188340,65
2022-03-23T15:00:36.318381,2000,50,2,relu,adam,80,1.0,0.942,Dyon,2,100, 29.207514,66
2022-03-23T14:44:51.347141,5000,20,3,relu,adam,200,1.0,0.9248,Dyon,1,500, 29.267387,67
2022-03-23T14:53:41.438173,2000,100,7,relu,adam,140,1.0,0.562,Dyon,1,200, 29.419126,68
2022-03-23T14:48:54.637222,5000,50,3,relu,adam,107,1.0,0.9472,Dyon,1,200, 29.424107,69
2022-03-23T15:05:34.530229,2000,100,2,relu,adam,57,1.0,0.932,Dyon,2,200, 29.443202,70
2022-03-23T15:00:44.505977,2000,50,2,relu,adam,61,1.0,0.944,Dyon,2,200, 29.482629,71
2022-03-23T15:20:29.567055,1000,100,2,relu,adam,48,1.0,0.824,Dyon,3,200, 29.505853,72
2022-03-23T14:55:01.966423,2000,20,2,relu,adam,107,1.0,0.95,Dyon,2,100, 29.530248,73
2022-03-23T14:52:18.379160,2000,100,3,relu,adam,121,1.0,0.854,Dyon,1,100, 29.537749,74
2022-03-23T14:55:11.159326,2000,20,2,relu,adam,80,1.0,0.956,Dyon,2,200, 29.622478,75
2022-03-23T15:06:40.595592,1000,100,3,relu,adam,82,1.0,0.712,Dyon,2,200, 29.630307,76
2022-03-23T15:15:22.426012,1000,50,2,relu,adam,69,1.0,0.864,Dyon,3,100, 29.644703,77
2022-03-23T14:45:06.112707,1000,20,7,relu,adam,200,1.0,0.664,Dyon,1,200, 29.671084,78
2022-03-23T15:20:50.473905,2000,100,2,relu,adam,61,1.0,0.9,Dyon,3,100, 29.673444,79
2022-03-23T14:53:50.850893,2000,100,7,relu,adam,99,1.0,0.596,Dyon,1,500, 29.685109,80
2022-03-23T14:51:01.049016,1000,100,2,relu,adam,62,1.0,0.856,Dyon,1,500, 29.696667,81
2022-03-23T14:49:21.280771,1000,50,7,relu,adam,200,1.0,0.548,Dyon,1,200, 29.702891,82
2022-03-23T14:48:18.933709,2000,50,3,relu,adam,171,1.0,0.882,Dyon,1,100, 29.711549,83
2022-03-23T14:49:29.802241,1000,50,7,relu,adam,152,1.0,0.6,Dyon,1,500, 29.740233,84
2022-03-23T15:05:26.311444,2000,100,2,relu,adam,78,1.0,0.916,Dyon,2,100, 29.743472,85
2022-03-23T14:54:14.509371,5000,100,7,relu,adam,119,1.0,0.732,Dyon,1,200, 29.795197,86
2022-03-23T14:53:32.358301,2000,100,7,relu,adam,193,1.0,0.524,Dyon,1,100, 29.802100,87
2022-03-23T15:01:48.533152,1000,50,3,relu,adam,90,1.0,0.852,Dyon,2,200, 29.867122,88
2022-03-23T15:10:00.527548,1000,20,2,relu,adam,51,1.0,0.92,Dyon,3,200, 29.881730,89
2022-03-23T15:01:06.052453,5000,50,2,relu,adam,57,1.0,0.9648,Dyon,2,100, 29.912943,90
2022-03-23T15:15:55.478870,2000,50,2,relu,adam,39,1.0,0.936,Dyon,3,200, 29.965498,91
2022-03-23T14:53:02.245834,5000,100,3,relu,adam,59,1.0,0.9336,Dyon,1,500, 29.985814,92
2022-03-23T15:07:05.998704,2000,100,3,relu,adam,72,1.0,0.826,Dyon,2,200, 30.049326,93
2022-03-23T14:49:58.179480,2000,50,7,relu,adam,139,1.0,0.786,Dyon,1,500, 30.055590,94
2022-03-23T14:45:15.149066,1000,20,7,relu,adam,200,1.0,0.696,Dyon,1,500, 30.057510,95
2022-03-23T15:15:38.941602,1000,50,2,relu,adam,35,1.0,0.908,Dyon,3,500, 30.061688,96
2022-03-23T15:08:15.280613,1000,100,7,relu,adam,96,1.0,0.424,Dyon,2,200, 30.093505,97
2022-03-23T15:09:53.652586,1000,20,2,relu,adam,78,1.0,0.912,Dyon,3,100, 30.097639,98
2022-03-23T15:15:47.441636,2000,50,2,relu,adam,56,1.0,0.932,Dyon,3,100, 30.103712,99
2022-03-23T14:49:37.302943,2000,50,7,relu,adam,200,1.0,0.674,Dyon,1,100, 30.106709,100
2022-03-23T15:17:00.500948,1000,50,3,relu,adam,53,1.0,0.816,Dyon,3,200, 30.154307,101
2022-03-23T14:56:23.933200,1000,20,3,relu,adam,113,1.0,0.884,Dyon,2,200, 30.161726,102
2022-03-23T14:55:49.794682,5000,20,2,relu,adam,69,1.0,0.9648,Dyon,2,200, 30.171688,103
2022-03-23T15:01:16.568059,5000,50,2,relu,adam,45,1.0,0.9704,Dyon,2,200, 30.172346,104
2022-03-23T15:06:06.941625,5000,100,2,relu,adam,46,1.0,0.9392,Dyon,2,200, 30.175474,105
2022-03-23T14:52:41.983211,5000,100,3,relu,adam,103,1.0,0.9008,Dyon,1,100, 30.199821,106
2022-03-23T15:10:25.740847,2000,20,2,relu,adam,43,1.0,0.952,Dyon,3,200, 30.209404,107
2022-03-23T14:44:19.315832,5000,20,3,relu,adam,200,0.9954666666666668,0.9168,Dyon,1,100, 30.222607,108
2022-03-23T14:45:56.490218,5000,20,7,relu,adam,200,0.9749333333333332,0.8256,Dyon,1,100, 30.224826,109
2022-03-23T15:20:58.817691,2000,100,2,relu,adam,41,1.0,0.902,Dyon,3,200, 30.230544,110
2022-03-23T15:05:56.623944,5000,100,2,relu,adam,63,1.0,0.9416,Dyon,2,100, 30.261372,111
2022-03-23T15:00:28.005919,1000,50,2,relu,adam,62,1.0,0.908,Dyon,2,500, 30.271150,112
2022-03-23T15:16:53.297821,1000,50,3,relu,adam,76,1.0,0.788,Dyon,3,100, 30.284192,113
2022-03-23T15:20:22.749696,1000,100,2,relu,adam,83,1.0,0.792,Dyon,3,100, 30.292929,114
2022-03-23T14:55:37.383350,5000,20,2,relu,adam,106,1.0,0.9624,Dyon,2,100, 30.295912,115
2022-03-23T15:06:33.220592,1000,100,3,relu,adam,108,1.0,0.684,Dyon,2,100, 30.372473,116
2022-03-23T14:49:06.401740,5000,50,3,relu,adam,79,1.0,0.9584,Dyon,1,500, 30.418163,117
2022-03-23T14:54:28.149641,5000,100,7,relu,adam,85,1.0,0.7752,Dyon,1,500, 30.457005,118
2022-03-23T15:01:58.153195,1000,50,3,relu,adam,66,1.0,0.868,Dyon,2,500, 30.495058,119
2022-03-23T14:54:00.960327,5000,100,7,relu,adam,172,1.0,0.6976,Dyon,1,100, 30.515269,120
2022-03-23T14:50:41.247961,5000,50,7,relu,adam,113,1.0,0.8664,Dyon,1,500, 30.530284,121
2022-03-23T15:22:06.770819,1000,100,3,relu,adam,56,1.0,0.704,Dyon,3,200, 30.548687,122
2022-03-23T15:08:25.280578,1000,100,7,relu,adam,62,1.0,0.46,Dyon,2,500, 30.561605,123
2022-03-23T15:01:41.507593,1000,50,3,relu,adam,128,1.0,0.852,Dyon,2,100, 30.562634,124
2022-03-23T14:46:13.592041,5000,20,7,relu,adam,200,0.9976,0.8456,Dyon,1,200, 30.566064,125
2022-03-23T14:48:45.090347,5000,50,3,relu,adam,151,1.0,0.9496,Dyon,1,100, 30.580656,126
2022-03-23T15:00:56.328645,2000,50,2,relu,adam,50,1.0,0.954,Dyon,2,500, 30.592661,127
2022-03-23T15:03:32.230473,1000,50,7,relu,adam,78,1.0,0.62,Dyon,2,500, 30.595659,128
2022-03-23T15:06:49.695758,1000,100,3,relu,adam,56,1.0,0.728,Dyon,2,500, 30.633475,129
2022-03-23T15:11:37.819693,1000,20,3,relu,adam,64,1.0,0.896,Dyon,3,200, 30.637702,130
2022-03-23T14:55:24.102054,2000,20,2,relu,adam,57,1.0,0.964,Dyon,2,500, 30.662185,131
2022-03-23T14:49:47.622330,2000,50,7,relu,adam,198,1.0,0.728,Dyon,1,200, 30.669663,132
2022-03-23T14:45:33.509252,2000,20,7,relu,adam,200,1.0,0.768,Dyon,1,200, 30.669873,133
2022-03-23T15:02:14.330127,2000,50,3,relu,adam,68,1.0,0.874,Dyon,2,200, 30.684939,134
2022-03-23T15:05:46.592762,2000,100,2,relu,adam,50,1.0,0.934,Dyon,2,500, 30.729216,135
2022-03-23T14:54:53.073220,1000,20,2,relu,adam,67,1.0,0.92,Dyon,2,500, 30.749882,136
2022-03-23T15:08:44.456988,2000,100,7,relu,adam,90,1.0,0.542,Dyon,2,200, 30.750797,137
2022-03-23T15:07:40.254371,5000,100,3,relu,adam,54,1.0,0.8896,Dyon,2,200, 30.753379,138
2022-03-23T14:56:34.767900,1000,20,3,relu,adam,77,1.0,0.908,Dyon,2,500, 30.782028,139
2022-03-23T15:10:17.615810,2000,20,2,relu,adam,64,1.0,0.958,Dyon,3,100, 30.783579,140
2022-03-23T15:01:33.924380,5000,50,2,relu,adam,38,1.0,0.9768,Dyon,2,500, 30.795508,141
2022-03-23T15:07:19.316556,2000,100,3,relu,adam,55,1.0,0.856,Dyon,2,500, 30.817491,142
2022-03-23T14:56:16.870704,1000,20,3,relu,adam,156,1.0,0.884,Dyon,2,100, 30.817964,143
2022-03-23T15:02:26.726805,2000,50,3,relu,adam,52,1.0,0.912,Dyon,2,500, 30.820231,144
2022-03-23T15:05:18.561483,1000,100,2,relu,adam,54,1.0,0.852,Dyon,2,500, 30.839505,145
2022-03-23T15:17:26.704645,2000,50,3,relu,adam,46,1.0,0.876,Dyon,3,200, 30.840029,146
2022-03-23T14:50:09.554482,5000,50,7,relu,adam,200,1.0,0.8104,Dyon,1,100, 30.843839,147
2022-03-23T15:18:48.273366,1000,50,7,relu,adam,45,1.0,0.62,Dyon,3,500, 30.868015,148
2022-03-23T14:58:23.473812,1000,20,7,relu,adam,101,1.0,0.672,Dyon,2,500, 30.883530,149
2022-03-23T15:03:21.431537,1000,50,7,relu,adam,114,1.0,0.62,Dyon,2,200, 30.917164,150
2022-03-23T15:22:49.062152,2000,100,3,relu,adam,39,1.0,0.874,Dyon,3,500, 30.976407,151
2022-03-23T15:17:10.547853,1000,50,3,relu,adam,40,1.0,0.84,Dyon,3,500, 30.994875,152
2022-03-23T15:16:27.765386,5000,50,2,relu,adam,31,1.0,0.9624,Dyon,3,200, 31.007587,153
2022-03-23T15:03:12.915601,1000,50,7,relu,adam,160,1.0,0.536,Dyon,2,100, 31.016031,154
2022-03-23T15:19:22.940361,2000,50,7,relu,adam,43,1.0,0.722,Dyon,3,500, 31.019984,155
2022-03-23T15:16:17.468452,5000,50,2,relu,adam,43,1.0,0.9632,Dyon,3,100, 31.073807,156
2022-03-23T15:08:07.822352,1000,100,7,relu,adam,146,1.0,0.376,Dyon,2,100, 31.095914,157
2022-03-23T14:56:52.580433,2000,20,3,relu,adam,103,1.0,0.922,Dyon,2,200, 31.097380,158
2022-03-23T15:22:34.296528,2000,100,3,relu,adam,53,1.0,0.822,Dyon,3,200, 31.174080,159
2022-03-23T15:10:09.767005,1000,20,2,relu,adam,35,1.0,0.924,Dyon,3,500, 31.175184,160
2022-03-23T15:17:40.037845,2000,50,3,relu,adam,35,1.0,0.888,Dyon,3,500, 31.182394,161
2022-03-23T14:57:06.267960,2000,20,3,relu,adam,67,1.0,0.93,Dyon,2,500, 31.218363,162
2022-03-23T14:50:25.167370,5000,50,7,relu,adam,171,1.0,0.8424,Dyon,1,200, 31.220778,163
2022-03-23T15:04:05.817042,2000,50,7,relu,adam,66,1.0,0.756,Dyon,2,500, 31.243898,164
2022-03-23T15:18:37.381596,1000,50,7,relu,adam,75,1.0,0.564,Dyon,3,200, 31.248597,165
2022-03-23T14:46:34.317891,5000,20,7,relu,adam,200,1.0,0.8456,Dyon,1,500, 31.278718,166
2022-03-23T15:03:05.478163,5000,50,3,relu,adam,43,1.0,0.9528,Dyon,2,500, 31.282049,167
2022-03-23T14:58:02.402297,1000,20,7,relu,adam,200,1.0,0.66,Dyon,2,100, 31.303133,168
2022-03-23T14:56:09.396863,5000,20,2,relu,adam,48,1.0,0.9696,Dyon,2,500, 31.312605,169
2022-03-23T15:16:07.015387,2000,50,2,relu,adam,27,1.0,0.95,Dyon,3,500, 31.318333,170
2022-03-23T15:23:49.526004,1000,100,7,relu,adam,75,1.0,0.412,Dyon,3,200, 31.324437,171
2022-03-23T15:08:58.708871,2000,100,7,relu,adam,64,1.0,0.604,Dyon,2,500, 31.329584,172
2022-03-23T15:21:33.317692,5000,100,2,relu,adam,33,1.0,0.9296,Dyon,3,200, 31.338288,173
2022-03-23T15:08:00.395449,5000,100,3,relu,adam,45,1.0,0.92,Dyon,2,500, 31.375258,174
2022-03-23T15:11:47.975965,1000,20,3,relu,adam,45,1.0,0.896,Dyon,3,500, 31.398666,175
2022-03-23T15:14:14.773969,2000,20,7,relu,adam,53,1.0,0.792,Dyon,3,500, 31.399436,176
2022-03-23T15:13:24.882455,1000,20,7,relu,adam,91,1.0,0.668,Dyon,3,200, 31.410472,177
2022-03-23T15:13:36.773086,1000,20,7,relu,adam,61,1.0,0.664,Dyon,3,500, 31.410582,178
2022-03-23T15:24:00.697844,1000,100,7,relu,adam,49,1.0,0.42,Dyon,3,500, 31.418039,179
2022-03-23T15:11:00.678350,5000,20,2,relu,adam,38,1.0,0.9616,Dyon,3,200, 31.423836,180
2022-03-23T15:02:46.867405,5000,50,3,relu,adam,56,1.0,0.9376,Dyon,2,200, 31.503280,181
2022-03-23T15:11:30.507155,1000,20,3,relu,adam,87,1.0,0.88,Dyon,3,100, 31.513613,182
2022-03-23T15:12:06.210284,2000,20,3,relu,adam,58,1.0,0.916,Dyon,3,200, 31.518922,183
2022-03-23T14:58:11.174496,1000,20,7,relu,adam,153,1.0,0.656,Dyon,2,200, 31.530215,184
2022-03-23T15:03:51.558632,2000,50,7,relu,adam,102,1.0,0.71,Dyon,2,200, 31.579171,185
2022-03-23T15:04:55.608323,5000,50,7,relu,adam,55,1.0,0.8632,Dyon,2,500, 31.613520,186
2022-03-23T15:10:38.365849,2000,20,2,relu,adam,34,1.0,0.96,Dyon,3,500, 31.613842,187
2022-03-23T15:19:07.279085,2000,50,7,relu,adam,65,1.0,0.688,Dyon,3,200, 31.618973,188
2022-03-23T14:45:45.365216,2000,20,7,relu,adam,200,1.0,0.792,Dyon,1,500, 31.619598,189
2022-03-23T15:12:20.710603,2000,20,3,relu,adam,40,1.0,0.926,Dyon,3,500, 31.631460,190
2022-03-23T15:10:49.475184,5000,20,2,relu,adam,54,1.0,0.9584,Dyon,3,100, 31.649525,191
2022-03-23T14:59:01.458196,2000,20,7,relu,adam,90,1.0,0.788,Dyon,2,500, 31.674838,192
2022-03-23T15:02:06.408251,2000,50,3,relu,adam,101,1.0,0.872,Dyon,2,100, 31.690040,193
2022-03-23T15:24:19.614637,2000,100,7,relu,adam,65,1.0,0.49,Dyon,3,200, 31.700504,194
2022-03-23T15:17:18.282714,2000,50,3,relu,adam,64,1.0,0.86,Dyon,3,100, 31.719267,195
2022-03-23T15:22:17.427092,1000,100,3,relu,adam,48,1.0,0.72,Dyon,3,500, 31.731162,196
2022-03-23T15:06:26.293706,5000,100,2,relu,adam,42,1.0,0.9592,Dyon,2,500, 31.744009,197
2022-03-23T15:21:22.098911,5000,100,2,relu,adam,49,1.0,0.9288,Dyon,3,100, 31.750533,198
2022-03-23T15:23:11.015283,5000,100,3,relu,adam,40,1.0,0.8784,Dyon,3,200, 31.756347,199
2022-03-23T15:21:59.614529,1000,100,3,relu,adam,89,1.0,0.628,Dyon,3,100, 31.767385,200
2022-03-23T15:18:29.037844,1000,50,7,relu,adam,114,1.0,0.528,Dyon,3,100, 31.768318,201
2022-03-23T15:06:57.295513,2000,100,3,relu,adam,95,1.0,0.83,Dyon,2,100, 31.788968,202
2022-03-23T15:21:11.192718,2000,100,2,relu,adam,32,1.0,0.916,Dyon,3,500, 31.799423,203
2022-03-23T15:09:24.648288,5000,100,7,relu,adam,74,1.0,0.6672,Dyon,2,200, 31.904576,204
2022-03-23T14:57:31.049156,5000,20,3,relu,adam,84,1.0,0.9368,Dyon,2,200, 31.905882,205
2022-03-23T14:58:44.817597,2000,20,7,relu,adam,133,1.0,0.774,Dyon,2,200, 31.914747,206
2022-03-23T14:58:33.661347,2000,20,7,relu,adam,200,1.0,0.762,Dyon,2,100, 31.944340,207
2022-03-23T15:24:35.557565,2000,100,7,relu,adam,47,1.0,0.554,Dyon,3,500, 31.969785,208
2022-03-23T15:18:21.881564,5000,50,3,relu,adam,28,1.0,0.9448,Dyon,3,500, 32.014629,209
2022-03-23T15:08:34.358702,2000,100,7,relu,adam,136,1.0,0.48,Dyon,2,100, 32.024676,210
2022-03-23T15:18:01.209721,5000,50,3,relu,adam,37,1.0,0.9352,Dyon,3,200, 32.028052,211
2022-03-23T15:15:15.540918,5000,20,7,relu,adam,46,1.0,0.86,Dyon,3,500, 32.028493,212
2022-03-23T14:56:43.174183,2000,20,3,relu,adam,141,1.0,0.918,Dyon,2,100, 32.029359,213
2022-03-23T15:23:41.004611,1000,100,7,relu,adam,113,1.0,0.4,Dyon,3,100, 32.036251,214
2022-03-23T15:25:28.795623,5000,100,7,relu,adam,38,1.0,0.7168,Dyon,3,500, 32.081297,215
2022-03-23T15:00:04.552250,5000,20,7,relu,adam,75,1.0,0.868,Dyon,2,500, 32.101356,216
2022-03-23T15:03:41.386756,2000,50,7,relu,adam,143,1.0,0.666,Dyon,2,100, 32.129126,217
2022-03-23T15:23:33.530882,5000,100,3,relu,adam,30,1.0,0.8992,Dyon,3,500, 32.165378,218
2022-03-23T15:09:46.824427,5000,100,7,relu,adam,52,1.0,0.7248,Dyon,2,500, 32.181990,219
2022-03-23T15:12:44.148103,5000,20,3,relu,adam,45,1.0,0.9288,Dyon,3,200, 32.184764,220
2022-03-23T15:13:08.882441,5000,20,3,relu,adam,36,1.0,0.9408,Dyon,3,500, 32.238664,221
2022-03-23T15:13:57.460606,2000,20,7,relu,adam,84,1.0,0.74,Dyon,3,200, 32.303374,222
2022-03-23T15:11:23.366256,5000,20,2,relu,adam,33,1.0,0.9688,Dyon,3,500, 32.308419,223
2022-03-23T15:20:15.639971,5000,50,7,relu,adam,36,1.0,0.8432,Dyon,3,500, 32.436691,224
2022-03-23T15:13:16.460580,1000,20,7,relu,adam,141,1.0,0.66,Dyon,3,100, 32.457955,225
2022-03-23T15:16:46.218489,5000,50,2,relu,adam,25,1.0,0.9776,Dyon,3,500, 32.475343,226
2022-03-23T15:02:36.492369,5000,50,3,relu,adam,78,1.0,0.9296,Dyon,2,100, 32.503742,227
2022-03-23T15:11:56.975904,2000,20,3,relu,adam,87,1.0,0.928,Dyon,3,100, 32.521421,228
2022-03-23T15:21:52.489573,5000,100,2,relu,adam,25,1.0,0.9544,Dyon,3,500, 32.577191,229
2022-03-23T15:22:25.645778,2000,100,3,relu,adam,74,1.0,0.812,Dyon,3,100, 32.591876,230
2022-03-23T15:25:02.768771,5000,100,7,relu,adam,52,1.0,0.6384,Dyon,3,200, 32.667735,231
2022-03-23T15:07:29.254058,5000,100,3,relu,adam,74,1.0,0.8752,Dyon,2,100, 32.677443,232
2022-03-23T14:59:36.161661,5000,20,7,relu,adam,124,1.0,0.8544,Dyon,2,200, 32.678957,233
2022-03-23T15:19:50.619264,5000,50,7,relu,adam,54,1.0,0.7952,Dyon,3,200, 32.755476,234
2022-03-23T15:09:10.380723,5000,100,7,relu,adam,106,1.0,0.6528,Dyon,2,100, 32.788395,235
2022-03-23T15:18:57.622103,2000,50,7,relu,adam,100,1.0,0.64,Dyon,3,100, 32.813281,236
2022-03-23T15:04:32.775271,5000,50,7,relu,adam,80,1.0,0.8168,Dyon,2,200, 32.819187,237
2022-03-23T14:57:18.767907,5000,20,3,relu,adam,120,1.0,0.9264,Dyon,2,100, 32.846693,238
2022-03-23T15:13:46.179309,2000,20,7,relu,adam,121,1.0,0.746,Dyon,3,100, 32.979885,239
2022-03-23T15:17:50.600311,5000,50,3,relu,adam,52,1.0,0.9136,Dyon,3,100, 33.013019,240
2022-03-23T15:04:18.072082,5000,50,7,relu,adam,122,1.0,0.7696,Dyon,2,100, 33.052863,241
2022-03-23T15:14:45.852601,5000,20,7,relu,adam,70,1.0,0.8512,Dyon,3,200, 33.104457,242
2022-03-23T15:24:09.697877,2000,100,7,relu,adam,100,1.0,0.426,Dyon,3,100, 33.135370,243
2022-03-23T14:59:17.489437,5000,20,7,relu,adam,184,1.0,0.8496,Dyon,2,100, 33.177038,244
2022-03-23T15:22:59.749654,5000,100,3,relu,adam,54,1.0,0.8592,Dyon,3,100, 33.439828,245
2022-03-23T15:12:32.069925,5000,20,3,relu,adam,71,1.0,0.9216,Dyon,3,100, 33.513025,246
2022-03-23T15:19:36.330987,5000,50,7,relu,adam,84,1.0,0.7456,Dyon,3,100, 33.895272,247
2022-03-23T15:20:39.567693,1000,100,2,relu,adam,40,1.0,0.844,Dyon,3,500, 33.963770,248
2022-03-23T15:24:48.000174,5000,100,7,relu,adam,79,1.0,0.6016,Dyon,3,100, 34.058693,249
2022-03-23T15:14:29.446193,5000,20,7,relu,adam,111,1.0,0.8312,Dyon,3,100, 34.073330,250
2022-03-23T14:57:54.287819,5000,20,3,relu,adam,56,1.0,0.9416,Dyon,2,500, 34.347108,251
2022-03-23T14:42:11.984668,2000,20,2,relu,adam,200,0.998,0.934,Dyon,1,100, 37.236080,252
2022-03-23T17:47:19.258137,1000,20,2,relu,adam,200,0.9973333333333332,0.888,Sam,1,100, 14.530013,10
2022-03-23T18:04:24.777879,1000,50,2,relu,adam,97,1.0,0.9,Sam,2,100, 18.456256,11
2022-03-23T18:09:19.743896,1000,100,2,relu,adam,85,1.0,0.856,Sam,2,100, 18.496538,12
2022-03-23T17:48:39.887234,1000,20,3,relu,adam,200,0.9946666666666668,0.888,Sam,1,100, 18.549967,13
2022-03-23T17:50:00.997485,1000,20,7,relu,adam,200,0.9706666666666668,0.664,Sam,1,100, 18.655236,14
2022-03-23T18:19:51.838136,1000,50,2,relu,adam,69,1.0,0.864,Sam,3,100, 18.705082,15
2022-03-23T18:14:11.892111,1000,20,2,relu,adam,78,1.0,0.912,Sam,3,100, 19.013698,16
2022-03-23T17:48:47.223108,1000,20,3,relu,adam,200,1.0,0.88,Sam,1,200, 19.053843,17
2022-03-23T17:47:26.236607,1000,20,2,relu,adam,200,1.0,0.904,Sam,1,200, 19.065461,18
2022-03-23T18:21:24.898840,1000,50,3,relu,adam,76,1.0,0.788,Sam,3,100, 19.081045,19
2022-03-23T18:15:53.912206,1000,20,3,relu,adam,87,1.0,0.88,Sam,3,100, 19.179676,20
2022-03-23T18:10:50.887450,1000,100,3,relu,adam,108,1.0,0.684,Sam,2,100, 19.320368,21
2022-03-23T17:50:08.221278,1000,20,7,relu,adam,200,1.0,0.664,Sam,1,200, 19.445711,22
2022-03-23T18:06:30.839241,2000,50,3,relu,adam,68,1.0,0.874,Sam,2,200, 19.581278,23
2022-03-23T18:24:59.846184,1000,100,2,relu,adam,83,1.0,0.792,Sam,3,100, 19.637771,24
2022-03-23T18:05:54.022835,1000,50,3,relu,adam,128,1.0,0.852,Sam,2,100, 19.834179,25
2022-03-23T17:49:02.533708,2000,20,3,relu,adam,200,0.9993333333333332,0.918,Sam,1,100, 19.836923,26
2022-03-23T18:26:38.047598,1000,100,3,relu,adam,89,1.0,0.628,Sam,3,100, 19.897844,27
2022-03-23T18:12:27.290734,1000,100,7,relu,adam,146,1.0,0.376,Sam,2,100, 19.901750,28
2022-03-23T17:55:14.817314,1000,100,2,relu,adam,106,1.0,0.82,Sam,1,100, 19.908801,29
2022-03-23T18:00:38.089772,1000,20,3,relu,adam,156,1.0,0.884,Sam,2,100, 19.979251,30
2022-03-23T17:47:41.523954,2000,20,2,relu,adam,200,0.998,0.934,Sam,1,100, 20.043254,31
2022-03-23T18:04:49.199380,2000,50,2,relu,adam,80,1.0,0.942,Sam,2,100, 20.044054,32
2022-03-23T18:14:37.243594,2000,20,2,relu,adam,64,1.0,0.958,Sam,3,100, 20.210059,33
2022-03-23T18:23:06.242263,1000,50,7,relu,adam,114,1.0,0.528,Sam,3,100, 20.224721,34
2022-03-23T18:20:16.131377,2000,50,2,relu,adam,56,1.0,0.932,Sam,3,100, 20.237658,35
2022-03-23T18:02:21.392810,1000,20,7,relu,adam,200,1.0,0.66,Sam,2,100, 20.304916,36
2022-03-23T18:07:34.277115,1000,50,7,relu,adam,160,1.0,0.536,Sam,2,100, 20.313791,37
2022-03-23T17:51:27.191378,1000,50,2,relu,adam,196,1.0,0.9,Sam,1,100, 20.372407,38
2022-03-23T18:09:43.172881,2000,100,2,relu,adam,78,1.0,0.916,Sam,2,100, 20.436838,39
2022-03-23T18:04:31.176152,1000,50,2,relu,adam,75,1.0,0.908,Sam,2,200, 20.472817,40
2022-03-23T18:19:58.028516,1000,50,2,relu,adam,45,1.0,0.884,Sam,3,200, 20.491179,41
2022-03-23T17:50:23.565924,2000,20,7,relu,adam,200,0.9786666666666668,0.782,Sam,1,100, 20.498913,42
2022-03-23T18:25:26.347994,2000,100,2,relu,adam,61,1.0,0.9,Sam,3,100, 20.528652,43
2022-03-23T17:55:21.914986,1000,100,2,relu,adam,83,1.0,0.864,Sam,1,200, 20.529407,44
2022-03-23T17:56:30.963895,1000,100,3,relu,adam,98,1.0,0.704,Sam,1,200, 20.555158,45
2022-03-23T17:51:34.105813,1000,50,2,relu,adam,126,1.0,0.916,Sam,1,200, 20.582784,46
2022-03-23T17:56:23.892358,1000,100,3,relu,adam,137,1.0,0.668,Sam,1,100, 20.589643,47
2022-03-23T18:17:44.386853,1000,20,7,relu,adam,141,1.0,0.66,Sam,3,100, 20.686265,48
2022-03-23T18:09:26.114810,1000,100,2,relu,adam,70,1.0,0.816,Sam,2,200, 20.694002,49
2022-03-23T18:14:19.111105,1000,20,2,relu,adam,51,1.0,0.92,Sam,3,200, 20.754784,50
2022-03-23T18:21:51.215177,2000,50,3,relu,adam,64,1.0,0.86,Sam,3,100, 20.782635,51
2022-03-23T18:11:16.413535,2000,100,3,relu,adam,95,1.0,0.83,Sam,2,100, 20.859170,52
2022-03-23T17:52:44.356454,1000,50,3,relu,adam,164,1.0,0.848,Sam,1,200, 20.881648,53
2022-03-23T17:52:37.097005,1000,50,3,relu,adam,200,1.0,0.864,Sam,1,100, 20.882359,54
2022-03-23T18:21:32.263758,1000,50,3,relu,adam,53,1.0,0.816,Sam,3,200, 20.922375,55
2022-03-23T18:16:20.556902,2000,20,3,relu,adam,87,1.0,0.928,Sam,3,100, 20.968482,56
2022-03-23T18:06:01.364074,1000,50,3,relu,adam,90,1.0,0.852,Sam,2,200, 21.011824,57
2022-03-23T17:47:49.130634,2000,20,2,relu,adam,200,1.0,0.944,Sam,1,200, 21.017118,58
2022-03-23T18:25:07.209115,1000,100,2,relu,adam,48,1.0,0.824,Sam,3,200, 21.021587,59
2022-03-23T18:27:05.583533,2000,100,3,relu,adam,74,1.0,0.812,Sam,3,100, 21.076372,60
2022-03-23T17:47:34.106424,1000,20,2,relu,adam,191,1.0,0.908,Sam,1,500, 21.079471,61
2022-03-23T17:53:52.157002,1000,50,7,relu,adam,200,1.0,0.544,Sam,1,100, 21.103108,62
2022-03-23T17:55:36.152248,2000,100,2,relu,adam,92,1.0,0.92,Sam,1,100, 21.142835,63
2022-03-23T17:49:10.067738,2000,20,3,relu,adam,200,1.0,0.92,Sam,1,200, 21.161632,64
2022-03-23T17:57:34.244980,1000,100,7,relu,adam,192,1.0,0.408,Sam,1,100, 21.161744,65
2022-03-23T18:10:58.325382,1000,100,3,relu,adam,82,1.0,0.712,Sam,2,200, 21.183493,66
2022-03-23T17:58:54.248231,1000,20,2,relu,adam,137,1.0,0.908,Sam,2,100, 21.198612,67
2022-03-23T17:48:55.218453,1000,20,3,relu,adam,200,1.0,0.888,Sam,1,500, 21.259939,68
2022-03-23T17:55:29.217750,1000,100,2,relu,adam,62,1.0,0.856,Sam,1,500, 21.326196,69
2022-03-23T17:51:48.441722,2000,50,2,relu,adam,151,1.0,0.946,Sam,1,100, 21.422520,70
2022-03-23T18:26:45.343803,1000,100,3,relu,adam,56,1.0,0.704,Sam,3,200, 21.430961,71
2022-03-23T18:16:01.455994,1000,20,3,relu,adam,64,1.0,0.896,Sam,3,200, 21.434236,72
2022-03-23T17:56:45.487999,2000,100,3,relu,adam,121,1.0,0.854,Sam,1,100, 21.490197,73
2022-03-23T17:57:41.290650,1000,100,7,relu,adam,141,1.0,0.42,Sam,1,200, 21.523413,74
2022-03-23T17:51:41.502083,1000,50,2,relu,adam,89,1.0,0.928,Sam,1,500, 21.525886,75
2022-03-23T17:50:31.180730,2000,20,7,relu,adam,200,1.0,0.768,Sam,1,200, 21.599489,76
2022-03-23T18:01:04.745132,2000,20,3,relu,adam,141,1.0,0.918,Sam,2,100, 21.600116,77
2022-03-23T17:55:43.438734,2000,100,2,relu,adam,77,1.0,0.926,Sam,1,200, 21.605741,78
2022-03-23T18:00:45.470228,1000,20,3,relu,adam,113,1.0,0.884,Sam,2,200, 21.610245,79
2022-03-23T18:28:24.273228,1000,100,7,relu,adam,113,1.0,0.4,Sam,3,100, 21.618612,80
2022-03-23T18:05:17.854919,5000,50,2,relu,adam,57,1.0,0.9648,Sam,2,100, 21.625419,81
2022-03-23T17:50:16.177565,1000,20,7,relu,adam,200,1.0,0.696,Sam,1,500, 21.645787,82
2022-03-23T17:56:38.473253,1000,100,3,relu,adam,69,1.0,0.78,Sam,1,500, 21.678646,83
2022-03-23T17:52:58.847144,2000,50,3,relu,adam,171,1.0,0.882,Sam,1,100, 21.704767,84
2022-03-23T17:53:59.556352,1000,50,7,relu,adam,200,1.0,0.548,Sam,1,200, 21.720400,85
2022-03-23T18:12:34.478598,1000,100,7,relu,adam,96,1.0,0.424,Sam,2,200, 21.740564,86
2022-03-23T17:51:55.588513,2000,50,2,relu,adam,114,1.0,0.948,Sam,1,200, 21.813239,87
2022-03-23T18:04:56.650908,2000,50,2,relu,adam,61,1.0,0.944,Sam,2,200, 21.832815,88
2022-03-23T17:52:51.685217,1000,50,3,relu,adam,110,1.0,0.892,Sam,1,500, 21.853026,89
2022-03-23T17:48:08.312086,5000,20,2,relu,adam,200,0.9968,0.9616,Sam,1,100, 21.863037,90
2022-03-23T18:23:34.933252,2000,50,7,relu,adam,100,1.0,0.64,Sam,3,100, 21.866348,91
2022-03-23T18:09:50.651404,2000,100,2,relu,adam,57,1.0,0.932,Sam,2,200, 21.881572,92
2022-03-23T18:14:44.865643,2000,20,2,relu,adam,43,1.0,0.952,Sam,3,200, 21.894347,93
2022-03-23T18:07:41.565377,1000,50,7,relu,adam,114,1.0,0.62,Sam,2,200, 21.944115,94
2022-03-23T17:53:07.000427,2000,50,3,relu,adam,126,1.0,0.874,Sam,1,200, 21.949838,95
2022-03-23T18:18:15.223348,2000,20,7,relu,adam,121,1.0,0.746,Sam,3,100, 22.013960,96
2022-03-23T17:56:52.722508,2000,100,3,relu,adam,91,1.0,0.872,Sam,1,200, 22.033197,97
2022-03-23T17:57:48.920770,1000,100,7,relu,adam,98,1.0,0.496,Sam,1,500, 22.058204,98
2022-03-23T18:08:00.954546,2000,50,7,relu,adam,143,1.0,0.666,Sam,2,100, 22.067376,99
2022-03-23T18:20:23.724547,2000,50,2,relu,adam,39,1.0,0.936,Sam,3,200, 22.087268,100
2022-03-23T17:54:14.999892,2000,50,7,relu,adam,200,1.0,0.674,Sam,1,100, 22.096949,101
2022-03-23T18:28:52.018648,2000,100,7,relu,adam,100,1.0,0.426,Sam,3,100, 22.166635,102
2022-03-23T18:10:12.145239,5000,100,2,relu,adam,63,1.0,0.9416,Sam,2,100, 22.210625,103
2022-03-23T17:59:21.798946,2000,20,2,relu,adam,107,1.0,0.95,Sam,2,100, 22.215637,104
2022-03-23T18:06:19.622674,2000,50,3,relu,adam,101,1.0,0.872,Sam,2,100, 22.220518,105
2022-03-23T18:17:51.888814,1000,20,7,relu,adam,91,1.0,0.668,Sam,3,200, 22.253725,106
2022-03-23T17:59:01.660612,1000,20,2,relu,adam,92,1.0,0.904,Sam,2,200, 22.296293,107
2022-03-23T18:20:44.920736,5000,50,2,relu,adam,43,1.0,0.9632,Sam,3,100, 22.320462,108
2022-03-23T17:49:29.277691,5000,20,3,relu,adam,200,0.9954666666666668,0.9168,Sam,1,100, 22.365622,109
2022-03-23T17:54:07.416504,1000,50,7,relu,adam,152,1.0,0.6,Sam,1,500, 22.379466,110
2022-03-23T18:02:51.576164,2000,20,7,relu,adam,200,1.0,0.762,Sam,2,100, 22.443340,111
2022-03-23T18:15:09.295888,5000,20,2,relu,adam,54,1.0,0.9584,Sam,3,100, 22.444525,112
2022-03-23T18:12:52.880596,2000,100,7,relu,adam,136,1.0,0.48,Sam,2,100, 22.465655,113
2022-03-23T17:55:51.288911,2000,100,2,relu,adam,57,1.0,0.932,Sam,1,500, 22.474868,114
2022-03-23T17:52:11.672322,5000,50,2,relu,adam,114,1.0,0.9712,Sam,1,100, 22.501435,115
2022-03-23T18:25:58.329887,5000,100,2,relu,adam,49,1.0,0.9288,Sam,3,100, 22.546916,116
2022-03-23T18:25:33.954293,2000,100,2,relu,adam,41,1.0,0.902,Sam,3,200, 22.656917,117
2022-03-23T17:55:59.192583,5000,100,2,relu,adam,85,1.0,0.94,Sam,1,100, 22.662565,118
2022-03-23T17:50:50.474222,5000,20,7,relu,adam,200,0.9749333333333332,0.8256,Sam,1,100, 22.666716,119
2022-03-23T17:57:57.127630,2000,100,7,relu,adam,193,1.0,0.524,Sam,1,100, 22.681281,120
2022-03-23T18:21:58.987518,2000,50,3,relu,adam,46,1.0,0.876,Sam,3,200, 22.687344,121
2022-03-23T17:53:15.875623,2000,50,3,relu,adam,94,1.0,0.896,Sam,1,500, 22.697806,122
2022-03-23T17:47:58.978189,2000,20,2,relu,adam,196,1.0,0.95,Sam,1,500, 22.700801,123
2022-03-23T18:22:23.354496,5000,50,3,relu,adam,52,1.0,0.9136,Sam,3,100, 22.703349,124
2022-03-23T18:28:31.744490,1000,100,7,relu,adam,75,1.0,0.412,Sam,3,200, 22.716013,125
2022-03-23T17:48:18.840336,5000,20,2,relu,adam,200,1.0,0.9568,Sam,1,200, 22.734925,126
2022-03-23T18:11:24.156885,2000,100,3,relu,adam,72,1.0,0.826,Sam,2,200, 22.735100,127
2022-03-23T18:06:55.490437,5000,50,3,relu,adam,78,1.0,0.9296,Sam,2,100, 22.736595,128
2022-03-23T17:57:00.610116,2000,100,3,relu,adam,67,1.0,0.884,Sam,1,500, 22.738380,129
2022-03-23T18:02:28.942995,1000,20,7,relu,adam,153,1.0,0.656,Sam,2,200, 22.763255,130
2022-03-23T17:49:19.990098,2000,20,3,relu,adam,200,1.0,0.916,Sam,1,500, 22.773040,131
2022-03-23T18:11:47.421890,5000,100,3,relu,adam,74,1.0,0.8752,Sam,2,100, 22.786170,132
2022-03-23T18:08:09.812056,2000,50,7,relu,adam,102,1.0,0.71,Sam,2,200, 22.812837,133
2022-03-23T17:50:41.036580,2000,20,7,relu,adam,200,1.0,0.792,Sam,1,500, 22.924465,134
2022-03-23T17:52:03.544650,2000,50,2,relu,adam,81,1.0,0.952,Sam,1,500, 22.938770,135
2022-03-23T17:57:08.541363,5000,100,3,relu,adam,103,1.0,0.9008,Sam,1,100, 22.946558,136
2022-03-23T17:49:39.848468,5000,20,3,relu,adam,200,1.0,0.9272,Sam,1,200, 23.049042,137
2022-03-23T18:27:39.399905,5000,100,3,relu,adam,54,1.0,0.8592,Sam,3,100, 23.071166,138
2022-03-23T17:52:20.088530,5000,50,2,relu,adam,85,1.0,0.9744,Sam,1,200, 23.075204,139
2022-03-23T17:58:05.407693,2000,100,7,relu,adam,140,1.0,0.562,Sam,1,200, 23.103469,140
2022-03-23T18:01:12.477122,2000,20,3,relu,adam,103,1.0,0.922,Sam,2,200, 23.119932,141
2022-03-23T18:16:28.447624,2000,20,3,relu,adam,58,1.0,0.916,Sam,3,200, 23.172556,142
2022-03-23T18:16:54.999279,5000,20,3,relu,adam,71,1.0,0.9216,Sam,3,100, 23.184717,143
2022-03-23T17:54:23.910594,2000,50,7,relu,adam,198,1.0,0.728,Sam,1,200, 23.278574,144
2022-03-23T18:27:13.377967,2000,100,3,relu,adam,53,1.0,0.822,Sam,3,200, 23.296734,145
2022-03-23T17:56:07.816848,5000,100,2,relu,adam,70,1.0,0.9624,Sam,1,200, 23.338010,146
2022-03-23T18:09:36.641206,1000,100,2,relu,adam,54,1.0,0.852,Sam,2,500, 23.387765,147
2022-03-23T17:53:34.526183,5000,50,3,relu,adam,107,1.0,0.9472,Sam,1,200, 23.435882,148
2022-03-23T17:48:33.225346,5000,20,2,relu,adam,189,1.0,0.9624,Sam,1,500, 23.460574,149
2022-03-23T17:57:16.853344,5000,100,3,relu,adam,74,1.0,0.9192,Sam,1,200, 23.465380,150
2022-03-23T17:53:25.473601,5000,50,3,relu,adam,151,1.0,0.9496,Sam,1,100, 23.495444,151
2022-03-23T17:51:01.114137,5000,20,7,relu,adam,200,0.9976,0.8456,Sam,1,200, 23.510981,152
2022-03-23T18:01:37.428154,5000,20,3,relu,adam,120,1.0,0.9264,Sam,2,100, 23.549039,153
2022-03-23T18:04:42.212640,1000,50,2,relu,adam,62,1.0,0.908,Sam,2,500, 23.559468,154
2022-03-23T17:59:29.648740,2000,20,2,relu,adam,80,1.0,0.956,Sam,2,200, 23.565055,155
2022-03-23T18:13:27.511010,5000,100,7,relu,adam,106,1.0,0.6528,Sam,2,100, 23.597230,156
2022-03-23T18:05:26.731780,5000,50,2,relu,adam,45,1.0,0.9704,Sam,2,200, 23.627762,157
2022-03-23T17:52:30.792806,5000,50,2,relu,adam,66,1.0,0.9776,Sam,1,500, 23.628685,158
2022-03-23T18:08:35.798760,5000,50,7,relu,adam,122,1.0,0.7696,Sam,2,100, 23.643597,159
2022-03-23T18:11:08.867653,1000,100,3,relu,adam,56,1.0,0.728,Sam,2,500, 23.647794,160
2022-03-23T18:20:09.424937,1000,50,2,relu,adam,35,1.0,0.908,Sam,3,500, 23.656302,161
2022-03-23T17:54:34.118381,2000,50,7,relu,adam,139,1.0,0.786,Sam,1,500, 23.661083,162
2022-03-23T18:13:01.589576,2000,100,7,relu,adam,90,1.0,0.542,Sam,2,200, 23.708433,163
2022-03-23T18:23:43.728199,2000,50,7,relu,adam,65,1.0,0.688,Sam,3,200, 23.718879,164
2022-03-23T18:24:11.762540,5000,50,7,relu,adam,84,1.0,0.7456,Sam,3,100, 23.735514,165
2022-03-23T17:58:14.728203,2000,100,7,relu,adam,99,1.0,0.596,Sam,1,500, 23.754021,166
2022-03-23T18:29:01.128615,2000,100,7,relu,adam,65,1.0,0.49,Sam,3,200, 23.771299,167
2022-03-23T18:03:00.223967,2000,20,7,relu,adam,133,1.0,0.774,Sam,2,200, 23.771899,168
2022-03-23T18:12:45.554911,1000,100,7,relu,adam,62,1.0,0.46,Sam,2,500, 23.792174,169
2022-03-23T17:58:24.586760,5000,100,7,relu,adam,172,1.0,0.6976,Sam,1,100, 23.792194,170
2022-03-23T18:14:30.314788,1000,20,2,relu,adam,35,1.0,0.924,Sam,3,500, 23.794975,171
2022-03-23T17:54:44.549605,5000,50,7,relu,adam,200,1.0,0.8104,Sam,1,100, 23.820634,172
2022-03-23T17:56:17.487547,5000,100,2,relu,adam,52,1.0,0.9664,Sam,1,500, 23.821199,173
2022-03-23T18:06:12.807030,1000,50,3,relu,adam,66,1.0,0.868,Sam,2,500, 23.893061,174
2022-03-23T18:10:21.085622,5000,100,2,relu,adam,46,1.0,0.9392,Sam,2,200, 23.911928,175
2022-03-23T18:18:24.329928,2000,20,7,relu,adam,84,1.0,0.74,Sam,3,200, 23.923175,176
2022-03-23T17:59:55.955775,5000,20,2,relu,adam,106,1.0,0.9624,Sam,2,100, 23.948286,177
2022-03-23T18:07:53.604246,1000,50,7,relu,adam,78,1.0,0.62,Sam,2,500, 23.955678,178
2022-03-23T18:23:14.117072,1000,50,7,relu,adam,75,1.0,0.564,Sam,3,200, 23.957921,179
2022-03-23T17:53:45.431363,5000,50,3,relu,adam,79,1.0,0.9584,Sam,1,500, 23.986432,180
2022-03-23T18:25:19.205055,1000,100,2,relu,adam,40,1.0,0.844,Sam,3,500, 23.987628,181
2022-03-23T18:21:44.125348,1000,50,3,relu,adam,40,1.0,0.84,Sam,3,500, 24.011008,182
2022-03-23T18:20:54.024390,5000,50,2,relu,adam,31,1.0,0.9624,Sam,3,200, 24.075077,183
2022-03-23T18:26:58.465399,1000,100,3,relu,adam,48,1.0,0.72,Sam,3,500, 24.091961,184
2022-03-23T18:18:07.479100,1000,20,7,relu,adam,61,1.0,0.664,Sam,3,500, 24.104250,185
2022-03-23T18:23:27.006264,1000,50,7,relu,adam,45,1.0,0.62,Sam,3,500, 24.120815,186
2022-03-23T17:49:54.427217,5000,20,3,relu,adam,200,1.0,0.9248,Sam,1,500, 24.164960,187
2022-03-23T18:00:57.266470,1000,20,3,relu,adam,77,1.0,0.908,Sam,2,500, 24.166754,188
2022-03-23T18:29:30.626873,5000,100,7,relu,adam,79,1.0,0.6016,Sam,3,100, 24.181777,189
2022-03-23T17:59:13.920493,1000,20,2,relu,adam,67,1.0,0.92,Sam,2,500, 24.212318,190
2022-03-23T18:28:44.403090,1000,100,7,relu,adam,49,1.0,0.42,Sam,3,500, 24.214152,191
2022-03-23T18:07:04.633339,5000,50,3,relu,adam,56,1.0,0.9376,Sam,2,200, 24.220492,192
2022-03-23T18:03:31.394240,5000,20,7,relu,adam,184,1.0,0.8496,Sam,2,100, 24.253612,193
2022-03-23T18:15:18.476079,5000,20,2,relu,adam,38,1.0,0.9616,Sam,3,200, 24.306978,194
2022-03-23T18:02:43.304937,1000,20,7,relu,adam,101,1.0,0.672,Sam,2,500, 24.308216,195
2022-03-23T17:58:34.775693,5000,100,7,relu,adam,119,1.0,0.732,Sam,1,200, 24.337259,196
2022-03-23T18:16:13.774268,1000,20,3,relu,adam,45,1.0,0.896,Sam,3,500, 24.359573,197
2022-03-23T18:08:26.083650,2000,50,7,relu,adam,66,1.0,0.756,Sam,2,500, 24.364684,198
2022-03-23T18:15:01.284958,2000,20,2,relu,adam,34,1.0,0.96,Sam,3,500, 24.375104,199
2022-03-23T18:05:10.295740,2000,50,2,relu,adam,50,1.0,0.954,Sam,2,500, 24.393295,200
2022-03-23T18:10:04.775471,2000,100,2,relu,adam,50,1.0,0.934,Sam,2,500, 24.411387,201
2022-03-23T18:11:39.444590,2000,100,3,relu,adam,55,1.0,0.856,Sam,2,500, 24.415866,202
2022-03-23T18:20:37.209510,2000,50,2,relu,adam,27,1.0,0.95,Sam,3,500, 24.416907,203
2022-03-23T18:25:49.848854,2000,100,2,relu,adam,32,1.0,0.916,Sam,3,500, 24.424231,204
2022-03-23T17:57:27.246532,5000,100,3,relu,adam,59,1.0,0.9336,Sam,1,500, 24.435756,205
2022-03-23T18:18:55.536755,5000,20,7,relu,adam,111,1.0,0.8312,Sam,3,100, 24.461989,206
2022-03-23T18:11:56.755517,5000,100,3,relu,adam,54,1.0,0.8896,Sam,2,200, 24.474018,207
2022-03-23T17:54:55.722238,5000,50,7,relu,adam,171,1.0,0.8424,Sam,1,200, 24.495564,208
2022-03-23T18:26:07.461364,5000,100,2,relu,adam,33,1.0,0.9296,Sam,3,200, 24.542358,209
2022-03-23T17:59:46.524788,2000,20,2,relu,adam,57,1.0,0.964,Sam,2,500, 24.585106,210
2022-03-23T18:13:18.286200,2000,100,7,relu,adam,64,1.0,0.604,Sam,2,500, 24.605818,211
2022-03-23T18:08:45.990795,5000,50,7,relu,adam,80,1.0,0.8168,Sam,2,200, 24.677747,212
2022-03-23T17:55:08.732890,5000,50,7,relu,adam,113,1.0,0.8664,Sam,1,500, 24.691530,213
2022-03-23T18:22:15.703058,2000,50,3,relu,adam,35,1.0,0.888,Sam,3,500, 24.708055,214
2022-03-23T17:58:47.517566,5000,100,7,relu,adam,85,1.0,0.7752,Sam,1,500, 24.708290,215
2022-03-23T18:24:02.167367,2000,50,7,relu,adam,43,1.0,0.722,Sam,3,500, 24.739144,216
2022-03-23T18:29:21.262082,2000,100,7,relu,adam,47,1.0,0.554,Sam,3,500, 24.760325,217
2022-03-23T18:01:28.744113,2000,20,3,relu,adam,67,1.0,0.93,Sam,2,500, 24.787310,218
2022-03-23T18:17:05.149147,5000,20,3,relu,adam,45,1.0,0.9288,Sam,3,200, 24.891447,219
2022-03-23T18:16:46.208272,2000,20,3,relu,adam,40,1.0,0.926,Sam,3,500, 24.918860,220
2022-03-23T18:27:31.064989,2000,100,3,relu,adam,39,1.0,0.874,Sam,3,500, 24.947374,221
2022-03-23T18:00:06.897515,5000,20,2,relu,adam,69,1.0,0.9648,Sam,2,200, 24.970149,222
2022-03-23T18:01:47.767549,5000,20,3,relu,adam,84,1.0,0.9368,Sam,2,200, 24.975630,223
2022-03-23T18:18:45.749963,2000,20,7,relu,adam,53,1.0,0.792,Sam,3,500, 25.005336,224
2022-03-23T18:03:20.648734,2000,20,7,relu,adam,90,1.0,0.788,Sam,2,500, 25.038855,225
2022-03-23T18:27:49.109514,5000,100,3,relu,adam,40,1.0,0.8784,Sam,3,200, 25.044185,226
2022-03-23T18:22:59.321931,5000,50,3,relu,adam,28,1.0,0.9448,Sam,3,500, 25.067454,227
2022-03-23T18:05:47.027720,5000,50,2,relu,adam,38,1.0,0.9768,Sam,2,500, 25.102777,228
2022-03-23T18:15:47.804567,5000,20,2,relu,adam,33,1.0,0.9688,Sam,3,500, 25.113853,229
2022-03-23T18:14:05.638346,5000,100,7,relu,adam,52,1.0,0.7248,Sam,2,500, 25.207501,230
2022-03-23T18:21:17.895349,5000,50,2,relu,adam,25,1.0,0.9776,Sam,3,500, 25.208508,231
2022-03-23T18:02:14.760796,5000,20,3,relu,adam,56,1.0,0.9416,Sam,2,500, 25.235307,232
2022-03-23T18:12:20.379376,5000,100,3,relu,adam,45,1.0,0.92,Sam,2,500, 25.240367,233
2022-03-23T18:10:44.125983,5000,100,2,relu,adam,42,1.0,0.9592,Sam,2,500, 25.263762,234
2022-03-23T18:04:18.366266,5000,20,7,relu,adam,75,1.0,0.868,Sam,2,500, 25.283097,235
2022-03-23T18:07:27.109771,5000,50,3,relu,adam,43,1.0,0.9528,Sam,2,500, 25.317234,236
2022-03-23T18:09:13.740750,5000,50,7,relu,adam,55,1.0,0.8632,Sam,2,500, 25.321671,237
2022-03-23T18:26:30.982922,5000,100,2,relu,adam,25,1.0,0.9544,Sam,3,500, 25.345745,238
2022-03-23T18:30:14.142368,5000,100,7,relu,adam,38,1.0,0.7168,Sam,3,500, 25.401637,239
2022-03-23T18:29:41.485551,5000,100,7,relu,adam,52,1.0,0.6384,Sam,3,200, 25.406950,240
2022-03-23T18:13:37.932880,5000,100,7,relu,adam,74,1.0,0.6672,Sam,2,200, 25.499259,241
2022-03-23T18:00:31.202820,5000,20,2,relu,adam,48,1.0,0.9696,Sam,2,500, 25.509838,242
2022-03-23T18:24:53.768380,5000,50,7,relu,adam,36,1.0,0.8432,Sam,3,500, 25.563431,243
2022-03-23T18:22:33.046708,5000,50,3,relu,adam,37,1.0,0.9352,Sam,3,200, 25.579097,244
2022-03-23T18:19:45.462028,5000,20,7,relu,adam,46,1.0,0.86,Sam,3,500, 25.585390,245
2022-03-23T18:17:36.860635,5000,20,3,relu,adam,36,1.0,0.9408,Sam,3,500, 25.596284,246
2022-03-23T18:19:07.260533,5000,20,7,relu,adam,70,1.0,0.8512,Sam,3,200, 25.841096,247
2022-03-23T18:28:17.350880,5000,100,3,relu,adam,30,1.0,0.8992,Sam,3,500, 25.843777,248
2022-03-23T18:24:22.104520,5000,50,7,relu,adam,54,1.0,0.7952,Sam,3,200, 25.909418,249
2022-03-23T18:03:43.845029,5000,20,7,relu,adam,124,1.0,0.8544,Sam,2,200, 26.026949,250
2022-03-23T18:06:47.105523,2000,50,3,relu,adam,52,1.0,0.912,Sam,2,500, 26.438937,251
2022-03-23T17:51:19.986895,5000,20,7,relu,adam,200,1.0,0.8456,Sam,1,500, 26.729199,252
2022-03-24T00:23:50.149446,1000,100,3,relu,adam,98,1.0,0.704,Adriaan,1,200, 19.175981,10
2022-03-24T00:22:48.247523,1000,100,2,relu,adam,62,1.0,0.856,Adriaan,1,500, 19.659341,11
2022-03-24T00:23:42.963228,1000,100,3,relu,adam,137,1.0,0.668,Adriaan,1,100, 19.690469,12
2022-03-24T00:18:56.617523,1000,50,2,relu,adam,89,1.0,0.928,Adriaan,1,500, 19.702658,13
2022-03-24T00:15:42.212016,1000,20,3,relu,adam,200,0.9946666666666668,0.888,Adriaan,1,100, 19.786266,14
2022-03-24T00:15:49.433095,1000,20,3,relu,adam,200,1.0,0.88,Adriaan,1,200, 20.005492,15
2022-03-24T00:17:11.196381,1000,20,7,relu,adam,200,0.9706666666666668,0.664,Adriaan,1,100, 20.168533,16
2022-03-24T00:15:35.163103,5000,20,2,relu,adam,189,1.0,0.9624,Adriaan,1,500, 20.222037,17
2022-03-24T00:23:57.399761,1000,100,3,relu,adam,69,1.0,0.78,Adriaan,1,500, 20.231622,18
2022-03-24T00:20:07.921882,1000,50,3,relu,adam,110,1.0,0.892,Adriaan,1,500, 20.395279,19
2022-03-24T00:19:53.125148,1000,50,3,relu,adam,200,1.0,0.864,Adriaan,1,100, 20.460523,20
2022-03-24T00:20:00.257976,1000,50,3,relu,adam,164,1.0,0.848,Adriaan,1,200, 20.499218,21
2022-03-24T00:23:10.135449,2000,100,2,relu,adam,57,1.0,0.932,Adriaan,1,500, 20.561989,22
2022-03-24T00:15:57.721126,1000,20,3,relu,adam,200,1.0,0.888,Adriaan,1,500, 20.573324,23
2022-03-24T00:19:46.785427,5000,50,2,relu,adam,66,1.0,0.9776,Adriaan,1,500, 20.742226,24
2022-03-24T00:16:24.145899,2000,20,3,relu,adam,200,1.0,0.916,Adriaan,1,500, 20.795116,25
2022-03-24T00:21:08.253231,1000,50,7,relu,adam,200,1.0,0.544,Adriaan,1,100, 20.802960,26
2022-03-24T00:16:04.905076,2000,20,3,relu,adam,200,0.9993333333333332,0.918,Adriaan,1,100, 20.930605,27
2022-03-24T00:31:46.462253,1000,50,2,relu,adam,75,1.0,0.908,Adriaan,2,200, 21.186490,28
2022-03-24T00:20:22.866896,2000,50,3,relu,adam,126,1.0,0.874,Adriaan,1,200, 21.237520,29
2022-03-24T00:17:26.826668,1000,20,7,relu,adam,200,1.0,0.696,Adriaan,1,500, 21.247388,30
2022-03-24T00:16:13.570879,2000,20,3,relu,adam,200,1.0,0.92,Adriaan,1,200, 21.308872,31
2022-03-24T00:17:34.019465,2000,20,7,relu,adam,200,0.9786666666666668,0.782,Adriaan,1,100, 21.347671,32
2022-03-24T00:24:11.801599,2000,100,3,relu,adam,91,1.0,0.872,Adriaan,1,200, 21.357420,33
2022-03-24T00:19:19.584852,2000,50,2,relu,adam,81,1.0,0.952,Adriaan,1,500, 21.388754,34
2022-03-24T00:21:15.889327,1000,50,7,relu,adam,200,1.0,0.548,Adriaan,1,200, 21.440136,35
2022-03-24T00:14:31.503310,1000,20,2,relu,adam,191,1.0,0.908,Adriaan,1,500, 21.516253,36
2022-03-24T00:24:53.274354,1000,100,7,relu,adam,192,1.0,0.408,Adriaan,1,100, 21.539606,37
2022-03-24T00:20:31.956232,2000,50,3,relu,adam,94,1.0,0.896,Adriaan,1,500, 21.553807,38
2022-03-24T00:17:04.139370,5000,20,3,relu,adam,200,1.0,0.9248,Adriaan,1,500, 21.639463,39
2022-03-24T00:26:21.858581,1000,20,2,relu,adam,92,1.0,0.904,Adriaan,2,200, 21.681845,40
2022-03-24T00:21:24.473847,1000,50,7,relu,adam,152,1.0,0.6,Adriaan,1,500, 21.708170,41
2022-03-24T00:17:54.355704,2000,20,7,relu,adam,200,1.0,0.792,Adriaan,1,500, 21.830340,42
2022-03-24T00:22:40.934637,1000,100,2,relu,adam,83,1.0,0.864,Adriaan,1,200, 21.839770,43
2022-03-24T00:33:06.304751,1000,50,3,relu,adam,128,1.0,0.852,Adriaan,2,100, 21.841649,44
2022-03-24T00:24:04.359236,2000,100,3,relu,adam,121,1.0,0.854,Adriaan,1,100, 21.853535,45
2022-03-24T00:16:45.945604,5000,20,3,relu,adam,200,1.0,0.9272,Adriaan,1,200, 21.890042,46
2022-03-24T00:37:54.179155,1000,100,3,relu,adam,108,1.0,0.684,Adriaan,2,100, 21.894862,47
2022-03-24T00:14:56.798334,2000,20,2,relu,adam,196,1.0,0.95,Adriaan,1,500, 22.023693,48
2022-03-24T00:25:07.971537,1000,100,7,relu,adam,98,1.0,0.496,Adriaan,1,500, 22.035596,49
2022-03-24T00:21:51.325904,2000,50,7,relu,adam,139,1.0,0.786,Adriaan,1,500, 22.089709,50
2022-03-24T00:48:05.188297,1000,50,3,relu,adam,76,1.0,0.788,Adriaan,3,100, 22.093822,51
2022-03-24T00:38:01.608175,1000,100,3,relu,adam,82,1.0,0.712,Adriaan,2,200, 22.125740,52
2022-03-24T00:42:47.290640,1000,20,3,relu,adam,87,1.0,0.88,Adriaan,3,100, 22.176664,53
2022-03-24T00:25:16.132374,2000,100,7,relu,adam,193,1.0,0.524,Adriaan,1,100, 22.259981,54
2022-03-24T00:24:19.512023,2000,100,3,relu,adam,67,1.0,0.884,Adriaan,1,500, 22.266426,55
2022-03-24T00:48:12.463409,1000,50,3,relu,adam,53,1.0,0.816,Adriaan,3,200, 22.354296,56
2022-03-24T00:21:01.756730,5000,50,3,relu,adam,79,1.0,0.9584,Adriaan,1,500, 22.383875,57
2022-03-24T00:46:42.347129,1000,50,2,relu,adam,45,1.0,0.884,Adriaan,3,200, 22.437951,58
2022-03-24T00:53:05.330038,1000,100,3,relu,adam,89,1.0,0.628,Adriaan,3,100, 22.440755,59
2022-03-24T00:21:32.094505,2000,50,7,relu,adam,200,1.0,0.674,Adriaan,1,100, 22.448162,60
2022-03-24T00:20:15.702819,2000,50,3,relu,adam,171,1.0,0.882,Adriaan,1,100, 22.477995,61
2022-03-24T00:46:52.612095,1000,50,2,relu,adam,35,1.0,0.908,Adriaan,3,500, 22.504261,62
2022-03-24T00:25:33.521452,2000,100,7,relu,adam,99,1.0,0.596,Adriaan,1,500, 22.507295,63
2022-03-24T00:22:28.050081,5000,50,7,relu,adam,113,1.0,0.8664,Adriaan,1,500, 22.538736,64
2022-03-24T00:27:50.568542,1000,20,3,relu,adam,156,1.0,0.884,Adriaan,2,100, 22.563485,65
2022-03-24T00:18:04.392078,5000,20,7,relu,adam,200,0.9749333333333332,0.8256,Adriaan,1,100, 22.586101,66
2022-03-24T00:33:13.552490,1000,50,3,relu,adam,90,1.0,0.852,Adriaan,2,200, 22.589483,67
2022-03-24T00:27:57.964249,1000,20,3,relu,adam,113,1.0,0.884,Adriaan,2,200, 22.600662,68
2022-03-24T00:53:12.566159,1000,100,3,relu,adam,56,1.0,0.704,Adriaan,3,200, 22.632994,69
2022-03-24T00:51:31.418757,1000,100,2,relu,adam,83,1.0,0.792,Adriaan,3,100, 22.635487,70
2022-03-24T00:31:56.545112,1000,50,2,relu,adam,62,1.0,0.908,Adriaan,2,500, 22.670520,71
2022-03-24T00:34:38.575018,1000,50,7,relu,adam,160,1.0,0.536,Adriaan,2,100, 22.686306,72
2022-03-24T00:26:32.761613,1000,20,2,relu,adam,67,1.0,0.92,Adriaan,2,500, 22.688230,73
2022-03-24T00:39:27.518887,1000,100,7,relu,adam,146,1.0,0.376,Adriaan,2,100, 22.693316,74
2022-03-24T00:21:41.518717,2000,50,7,relu,adam,198,1.0,0.728,Adriaan,1,200, 22.715574,75
2022-03-24T00:42:54.689411,1000,20,3,relu,adam,64,1.0,0.896,Adriaan,3,200, 22.730059,76
2022-03-24T00:38:11.268672,1000,100,3,relu,adam,56,1.0,0.728,Adriaan,2,500, 22.757821,77
2022-03-24T00:36:41.050013,1000,100,2,relu,adam,54,1.0,0.852,Adriaan,2,500, 22.759220,78
2022-03-24T00:24:36.128777,5000,100,3,relu,adam,74,1.0,0.9192,Adriaan,1,200, 22.812094,79
2022-03-24T00:41:27.447759,1000,20,2,relu,adam,35,1.0,0.924,Adriaan,3,500, 22.854988,80
2022-03-24T00:20:50.573392,5000,50,3,relu,adam,107,1.0,0.9472,Adriaan,1,200, 22.867558,81
2022-03-24T00:41:17.424392,1000,20,2,relu,adam,51,1.0,0.92,Adriaan,3,200, 22.890615,82
2022-03-24T00:32:24.129774,2000,50,2,relu,adam,50,1.0,0.954,Adriaan,2,500, 22.892665,83
2022-03-24T00:51:49.272617,1000,100,2,relu,adam,40,1.0,0.844,Adriaan,3,500, 22.943037,84
2022-03-24T00:33:23.842524,1000,50,3,relu,adam,66,1.0,0.868,Adriaan,2,500, 22.967533,85
2022-03-24T00:18:49.199678,1000,50,2,relu,adam,126,1.0,0.916,Adriaan,1,200, 22.982923,86
2022-03-24T00:48:23.169246,1000,50,3,relu,adam,40,1.0,0.84,Adriaan,3,500, 22.986817,87
2022-03-24T00:47:20.001792,2000,50,2,relu,adam,27,1.0,0.95,Adriaan,3,500, 23.043044,88
2022-03-24T00:24:46.805563,5000,100,3,relu,adam,59,1.0,0.9336,Adriaan,1,500, 23.052984,89
2022-03-24T00:37:09.358062,2000,100,2,relu,adam,50,1.0,0.934,Adriaan,2,500, 23.114450,90
2022-03-24T00:49:59.932902,1000,50,7,relu,adam,45,1.0,0.62,Adriaan,3,500, 23.143105,91
2022-03-24T00:49:40.611539,1000,50,7,relu,adam,114,1.0,0.528,Adriaan,3,100, 23.159659,92
2022-03-24T00:32:11.181982,2000,50,2,relu,adam,61,1.0,0.944,Adriaan,2,200, 23.163925,93
2022-03-24T00:19:10.870730,2000,50,2,relu,adam,114,1.0,0.948,Adriaan,1,200, 23.169016,94
2022-03-24T00:26:47.795261,2000,20,2,relu,adam,80,1.0,0.956,Adriaan,2,200, 23.199795,95
2022-03-24T00:26:06.953087,5000,100,7,relu,adam,85,1.0,0.7752,Adriaan,1,500, 23.210251,96
2022-03-24T00:29:43.798955,1000,20,7,relu,adam,153,1.0,0.656,Adriaan,2,200, 23.240259,97
2022-03-24T00:43:05.716071,1000,20,3,relu,adam,45,1.0,0.896,Adriaan,3,500, 23.243661,98
2022-03-24T00:22:34.787632,1000,100,2,relu,adam,106,1.0,0.82,Adriaan,1,100, 23.286043,99
2022-03-24T00:38:18.846618,2000,100,3,relu,adam,95,1.0,0.83,Adriaan,2,100, 23.295328,100
2022-03-24T00:28:09.358613,1000,20,3,relu,adam,77,1.0,0.908,Adriaan,2,500, 23.296746,101
2022-03-24T00:33:30.877793,2000,50,3,relu,adam,101,1.0,0.872,Adriaan,2,100, 23.318295,102
2022-03-24T00:39:45.672127,1000,100,7,relu,adam,62,1.0,0.46,Adriaan,2,500, 23.341160,103
2022-03-24T00:29:34.922851,1000,20,7,relu,adam,200,1.0,0.66,Adriaan,2,100, 23.355856,104
2022-03-24T00:20:41.413293,5000,50,3,relu,adam,151,1.0,0.9496,Adriaan,1,100, 23.395141,105
2022-03-24T00:53:24.258709,1000,100,3,relu,adam,48,1.0,0.72,Adriaan,3,500, 23.403987,106
2022-03-24T00:48:52.816687,2000,50,3,relu,adam,35,1.0,0.888,Adriaan,3,500, 23.433113,107
2022-03-24T00:52:18.154510,2000,100,2,relu,adam,32,1.0,0.916,Adriaan,3,500, 23.436395,108
2022-03-24T00:41:56.492959,2000,20,2,relu,adam,34,1.0,0.96,Adriaan,3,500, 23.442805,109
2022-03-24T00:35:29.492879,2000,50,7,relu,adam,66,1.0,0.756,Adriaan,2,500, 23.451474,110
2022-03-24T00:51:38.482995,1000,100,2,relu,adam,48,1.0,0.824,Adriaan,3,200, 23.454818,111
2022-03-24T00:22:01.579263,5000,50,7,relu,adam,200,1.0,0.8104,Adriaan,1,100, 23.517945,112
2022-03-24T00:48:30.804936,2000,50,3,relu,adam,64,1.0,0.86,Adriaan,3,100, 23.537056,113
2022-03-24T00:32:59.720332,5000,50,2,relu,adam,38,1.0,0.9768,Adriaan,2,500, 23.554060,114
2022-03-24T00:44:32.845004,1000,20,7,relu,adam,141,1.0,0.66,Adriaan,3,100, 23.597056,115
2022-03-24T00:22:13.944270,5000,50,7,relu,adam,171,1.0,0.8424,Adriaan,1,200, 23.603743,116
2022-03-24T00:54:47.627114,1000,100,7,relu,adam,113,1.0,0.4,Adriaan,3,100, 23.612784,117
2022-03-24T00:33:52.452449,2000,50,3,relu,adam,52,1.0,0.912,Adriaan,2,500, 23.622907,118
2022-03-24T00:36:24.031484,1000,100,2,relu,adam,85,1.0,0.856,Adriaan,2,100, 23.683873,119
2022-03-24T00:38:40.057760,2000,100,3,relu,adam,55,1.0,0.856,Adriaan,2,500, 23.690371,120
2022-03-24T00:29:56.085799,1000,20,7,relu,adam,101,1.0,0.672,Adriaan,2,500, 23.696314,121
2022-03-24T00:24:27.550650,5000,100,3,relu,adam,103,1.0,0.9008,Adriaan,1,100, 23.700999,122
2022-03-24T00:50:33.964150,2000,50,7,relu,adam,43,1.0,0.722,Adriaan,3,500, 23.718719,123
2022-03-24T00:53:32.091124,2000,100,3,relu,adam,74,1.0,0.812,Adriaan,3,100, 23.721833,124
2022-03-24T00:47:07.131544,2000,50,2,relu,adam,39,1.0,0.936,Adriaan,3,200, 23.735550,125
2022-03-24T00:34:46.067944,1000,50,7,relu,adam,114,1.0,0.62,Adriaan,2,200, 23.742927,126
2022-03-24T00:19:36.169365,5000,50,2,relu,adam,85,1.0,0.9744,Adriaan,1,200, 23.764007,127
2022-03-24T00:44:53.611116,1000,20,7,relu,adam,61,1.0,0.664,Adriaan,3,500, 23.845542,128
2022-03-24T00:27:43.676670,5000,20,2,relu,adam,48,1.0,0.9696,Adriaan,2,500, 23.852230,129
2022-03-24T00:34:57.687367,1000,50,7,relu,adam,78,1.0,0.62,Adriaan,2,500, 23.853747,130
2022-03-24T00:45:30.930379,2000,20,7,relu,adam,53,1.0,0.792,Adriaan,3,500, 23.871177,131
2022-03-24T00:17:43.253442,2000,20,7,relu,adam,200,1.0,0.768,Adriaan,1,200, 23.881195,132
2022-03-24T00:15:18.650860,5000,20,2,relu,adam,200,1.0,0.9568,Adriaan,1,200, 23.893503,133
2022-03-24T00:43:36.906800,2000,20,3,relu,adam,40,1.0,0.926,Adriaan,3,500, 23.900137,134
2022-03-24T00:33:39.337776,2000,50,3,relu,adam,68,1.0,0.874,Adriaan,2,200, 23.900306,135
2022-03-24T00:38:26.539478,2000,100,3,relu,adam,72,1.0,0.826,Adriaan,2,200, 23.903182,136
2022-03-24T00:36:31.361176,1000,100,2,relu,adam,70,1.0,0.816,Adriaan,2,200, 23.916969,137
2022-03-24T00:47:57.861814,5000,50,2,relu,adam,25,1.0,0.9776,Adriaan,3,500, 23.971964,138
2022-03-24T00:53:55.970368,2000,100,3,relu,adam,39,1.0,0.874,Adriaan,3,500, 23.978900,139
2022-03-24T00:32:41.758148,5000,50,2,relu,adam,45,1.0,0.9704,Adriaan,2,200, 23.982975,140
2022-03-24T00:28:17.410033,2000,20,3,relu,adam,141,1.0,0.918,Adriaan,2,100, 23.984747,141
2022-03-24T00:30:33.340379,2000,20,7,relu,adam,90,1.0,0.788,Adriaan,2,500, 23.987032,142
2022-03-24T00:55:42.157449,2000,100,7,relu,adam,47,1.0,0.554,Adriaan,3,500, 23.992514,143
2022-03-24T00:52:58.132291,5000,100,2,relu,adam,25,1.0,0.9544,Adriaan,3,500, 24.002108,144
2022-03-24T00:34:31.590411,5000,50,3,relu,adam,43,1.0,0.9528,Adriaan,2,500, 24.024618,145
2022-03-24T00:42:40.427659,5000,20,2,relu,adam,33,1.0,0.9688,Adriaan,3,500, 24.047141,146
2022-03-24T00:39:34.858132,1000,100,7,relu,adam,96,1.0,0.424,Adriaan,2,200, 24.111410,147
2022-03-24T00:43:13.237742,2000,20,3,relu,adam,87,1.0,0.928,Adriaan,3,100, 24.133669,148
2022-03-24T00:55:07.513518,1000,100,7,relu,adam,49,1.0,0.42,Adriaan,3,500, 24.137088,149
2022-03-24T00:39:20.566145,5000,100,3,relu,adam,45,1.0,0.92,Adriaan,2,500, 24.170642,150
2022-03-24T00:37:47.471014,5000,100,2,relu,adam,42,1.0,0.9592,Adriaan,2,500, 24.202494,151
2022-03-24T00:18:35.454417,5000,20,7,relu,adam,200,1.0,0.8456,Adriaan,1,500, 24.243154,152
2022-03-24T00:48:38.346834,2000,50,3,relu,adam,46,1.0,0.876,Adriaan,3,200, 24.248404,153
2022-03-24T00:49:33.809489,5000,50,3,relu,adam,28,1.0,0.9448,Adriaan,3,500, 24.258760,154
2022-03-24T00:49:48.000777,1000,50,7,relu,adam,75,1.0,0.564,Adriaan,3,200, 24.272654,155
2022-03-24T00:25:43.234684,5000,100,7,relu,adam,172,1.0,0.6976,Adriaan,1,100, 24.280501,156
2022-03-24T00:27:00.918672,2000,20,2,relu,adam,57,1.0,0.964,Adriaan,2,500, 24.292812,157
2022-03-24T00:29:27.316954,5000,20,3,relu,adam,56,1.0,0.9416,Adriaan,2,500, 24.306357,158
2022-03-24T00:23:02.424326,2000,100,2,relu,adam,77,1.0,0.926,Adriaan,1,200, 24.312272,159
2022-03-24T00:36:56.176231,2000,100,2,relu,adam,57,1.0,0.932,Adriaan,2,200, 24.320753,160
2022-03-24T00:35:05.567843,2000,50,7,relu,adam,143,1.0,0.666,Adriaan,2,100, 24.340306,161
2022-03-24T00:36:17.566281,5000,50,7,relu,adam,55,1.0,0.8632,Adriaan,2,500, 24.356551,162
2022-03-24T00:54:40.354265,5000,100,3,relu,adam,30,1.0,0.8992,Adriaan,3,500, 24.365156,163
2022-03-24T00:39:53.589548,2000,100,7,relu,adam,136,1.0,0.48,Adriaan,2,100, 24.377061,164
2022-03-24T00:40:17.415936,2000,100,7,relu,adam,64,1.0,0.604,Adriaan,2,500, 24.426191,165
2022-03-24T00:41:42.238949,2000,20,2,relu,adam,43,1.0,0.952,Adriaan,3,200, 24.435063,166
2022-03-24T00:51:24.672519,5000,50,7,relu,adam,36,1.0,0.8432,Adriaan,3,500, 24.445177,167
2022-03-24T00:56:34.229515,5000,100,7,relu,adam,38,1.0,0.7168,Adriaan,3,500, 24.466908,168
2022-03-24T00:41:03.070245,5000,100,7,relu,adam,52,1.0,0.7248,Adriaan,2,500, 24.513922,169
2022-03-24T00:46:28.828437,5000,20,7,relu,adam,46,1.0,0.86,Adriaan,3,500, 24.536419,170
2022-03-24T00:31:32.339920,5000,20,7,relu,adam,75,1.0,0.868,Adriaan,2,500, 24.600123,171
2022-03-24T00:50:08.649458,2000,50,7,relu,adam,100,1.0,0.64,Adriaan,3,100, 24.614465,172
2022-03-24T00:30:05.427659,2000,20,7,relu,adam,200,1.0,0.762,Adriaan,2,100, 24.662197,173
2022-03-24T00:55:15.713631,2000,100,7,relu,adam,100,1.0,0.426,Adriaan,3,100, 24.685933,174
2022-03-24T00:44:40.289854,1000,20,7,relu,adam,91,1.0,0.668,Adriaan,3,200, 24.756236,175
2022-03-24T00:38:49.370372,5000,100,3,relu,adam,74,1.0,0.8752,Adriaan,2,100, 24.811057,176
2022-03-24T00:35:52.925321,5000,50,7,relu,adam,80,1.0,0.8168,Adriaan,2,200, 24.914665,177
2022-03-24T00:44:25.082185,5000,20,3,relu,adam,36,1.0,0.9408,Adriaan,3,500, 24.965769,178
2022-03-24T00:53:40.783322,2000,100,3,relu,adam,53,1.0,0.822,Adriaan,3,200, 25.062351,179
2022-03-24T00:22:55.188402,2000,100,2,relu,adam,92,1.0,0.92,Adriaan,1,100, 25.073365,180
2022-03-24T00:30:15.508259,2000,20,7,relu,adam,133,1.0,0.774,Adriaan,2,200, 25.075734,181
2022-03-24T00:14:23.374955,1000,20,2,relu,adam,200,1.0,0.904,Adriaan,1,200, 25.111296,182
2022-03-24T00:43:21.772417,2000,20,3,relu,adam,58,1.0,0.916,Adriaan,3,200, 25.116324,183
2022-03-24T00:52:04.356348,2000,100,2,relu,adam,41,1.0,0.902,Adriaan,3,200, 25.143372,184
2022-03-24T00:35:14.616318,2000,50,7,relu,adam,102,1.0,0.71,Adriaan,2,200, 25.162217,185
2022-03-24T00:34:01.329772,5000,50,3,relu,adam,78,1.0,0.9296,Adriaan,2,100, 25.164257,186
2022-03-24T00:18:17.439717,5000,20,7,relu,adam,200,0.9976,0.8456,Adriaan,1,200, 25.217104,187
2022-03-24T00:51:56.798205,2000,100,2,relu,adam,61,1.0,0.9,Adriaan,3,100, 25.220721,188
2022-03-24T00:28:26.168227,2000,20,3,relu,adam,103,1.0,0.922,Adriaan,2,200, 25.261469,189
2022-03-24T00:54:55.093769,1000,100,7,relu,adam,75,1.0,0.412,Adriaan,3,200, 25.272885,190
2022-03-24T00:41:10.149069,1000,20,2,relu,adam,78,1.0,0.912,Adriaan,3,100, 25.300549,191
2022-03-24T00:49:01.168352,5000,50,3,relu,adam,52,1.0,0.9136,Adriaan,3,100, 25.405704,192
2022-03-24T00:31:38.998484,1000,50,2,relu,adam,97,1.0,0.9,Adriaan,2,100, 25.479879,193
2022-03-24T00:27:22.259152,5000,20,2,relu,adam,69,1.0,0.9648,Adriaan,2,200, 25.495507,194
2022-03-24T00:35:40.171677,5000,50,7,relu,adam,122,1.0,0.7696,Adriaan,2,100, 25.503139,195
2022-03-24T00:46:34.957602,1000,50,2,relu,adam,69,1.0,0.864,Adriaan,3,100, 25.530083,196
2022-03-24T00:40:02.409540,2000,100,7,relu,adam,90,1.0,0.542,Adriaan,2,200, 25.537790,197
2022-03-24T00:54:05.419656,5000,100,3,relu,adam,54,1.0,0.8592,Adriaan,3,100, 25.596276,198
2022-03-24T00:47:37.703507,5000,50,2,relu,adam,31,1.0,0.9624,Adriaan,3,200, 25.723751,199
2022-03-24T00:52:27.413382,5000,100,2,relu,adam,49,1.0,0.9288,Adriaan,3,100, 25.761308,200
2022-03-24T00:28:51.809576,5000,20,3,relu,adam,120,1.0,0.9264,Adriaan,2,100, 25.772359,201
2022-03-24T00:34:11.238967,5000,50,3,relu,adam,56,1.0,0.9376,Adriaan,2,200, 25.845400,202
2022-03-24T00:40:27.630005,5000,100,7,relu,adam,106,1.0,0.6528,Adriaan,2,100, 25.892720,203
2022-03-24T00:43:47.064569,5000,20,3,relu,adam,71,1.0,0.9216,Adriaan,3,100, 26.025442,204
2022-03-24T00:38:59.319270,5000,100,3,relu,adam,54,1.0,0.8896,Adriaan,2,200, 26.041237,205
2022-03-24T00:28:41.473662,2000,20,3,relu,adam,67,1.0,0.93,Adriaan,2,500, 26.047779,206
2022-03-24T00:31:01.876284,5000,20,7,relu,adam,124,1.0,0.8544,Adriaan,2,200, 26.069274,207
2022-03-24T00:23:36.299661,5000,100,2,relu,adam,52,1.0,0.9664,Adriaan,1,500, 26.092530,208
2022-03-24T00:50:45.022254,5000,50,7,relu,adam,84,1.0,0.7456,Adriaan,3,100, 26.217279,209
2022-03-24T00:30:46.284007,5000,20,7,relu,adam,184,1.0,0.8496,Adriaan,2,100, 26.223605,210
2022-03-24T00:50:17.339018,2000,50,7,relu,adam,65,1.0,0.688,Adriaan,3,200, 26.272405,211
2022-03-24T00:37:26.925318,5000,100,2,relu,adam,46,1.0,0.9392,Adriaan,2,200, 26.276548,212
2022-03-24T00:55:52.927269,5000,100,7,relu,adam,79,1.0,0.6016,Adriaan,3,100, 26.335403,213
2022-03-24T00:46:59.511168,2000,50,2,relu,adam,56,1.0,0.932,Adriaan,3,100, 26.357960,214
2022-03-24T00:23:26.810824,5000,100,2,relu,adam,70,1.0,0.9624,Adriaan,1,200, 26.463535,215
2022-03-24T00:25:54.345332,5000,100,7,relu,adam,119,1.0,0.732,Adriaan,1,200, 26.496551,216
2022-03-24T00:49:11.333197,5000,50,3,relu,adam,37,1.0,0.9352,Adriaan,3,200, 26.511679,217
2022-03-24T00:16:34.616192,5000,20,3,relu,adam,200,0.9954666666666668,0.9168,Adriaan,1,100, 26.524488,218
2022-03-24T00:40:39.469907,5000,100,7,relu,adam,74,1.0,0.6672,Adriaan,2,200, 26.582287,219
2022-03-24T00:55:24.574873,2000,100,7,relu,adam,65,1.0,0.49,Adriaan,3,200, 26.732238,220
2022-03-24T00:52:37.214903,5000,100,2,relu,adam,33,1.0,0.9296,Adriaan,3,200, 26.768966,221
2022-03-24T00:45:43.258583,5000,20,7,relu,adam,111,1.0,0.8312,Adriaan,3,100, 26.779290,222
2022-03-24T00:29:03.021606,5000,20,3,relu,adam,84,1.0,0.9368,Adriaan,2,200, 26.790646,223
2022-03-24T00:54:15.887109,5000,100,3,relu,adam,40,1.0,0.8784,Adriaan,3,200, 26.817091,224
2022-03-24T00:43:57.920974,5000,20,3,relu,adam,45,1.0,0.9288,Adriaan,3,200, 26.829981,225
2022-03-24T00:42:15.258341,5000,20,2,relu,adam,38,1.0,0.9616,Adriaan,3,200, 26.849040,226
2022-03-24T00:26:14.271349,1000,20,2,relu,adam,137,1.0,0.908,Adriaan,2,100, 26.993470,227
2022-03-24T00:14:16.016630,1000,20,2,relu,adam,200,0.9973333333333332,0.888,Adriaan,1,100, 27.048577,228
2022-03-24T00:45:12.027962,2000,20,7,relu,adam,84,1.0,0.74,Adriaan,3,200, 27.150286,229
2022-03-24T00:50:57.484028,5000,50,7,relu,adam,54,1.0,0.7952,Adriaan,3,200, 27.229486,230
2022-03-24T00:25:00.581561,1000,100,7,relu,adam,141,1.0,0.42,Adriaan,1,200, 27.370688,231
2022-03-24T00:25:24.547009,2000,100,7,relu,adam,140,1.0,0.562,Adriaan,1,200, 27.432782,232
2022-03-24T00:32:03.431922,2000,50,2,relu,adam,80,1.0,0.942,Adriaan,2,100, 27.483875,233
2022-03-24T00:45:01.984707,2000,20,7,relu,adam,121,1.0,0.746,Adriaan,3,100, 28.000534,234
2022-03-24T00:36:48.463606,2000,100,2,relu,adam,78,1.0,0.916,Adriaan,2,100, 28.065207,235
2022-03-24T00:56:05.423359,5000,100,7,relu,adam,52,1.0,0.6384,Adriaan,3,200, 28.113151,236
2022-03-24T00:14:46.582691,2000,20,2,relu,adam,200,1.0,0.944,Adriaan,1,200, 28.355330,237
2022-03-24T00:47:28.657843,5000,50,2,relu,adam,43,1.0,0.9632,Adriaan,3,100, 28.418470,238
2022-03-24T00:17:18.750562,1000,20,7,relu,adam,200,1.0,0.664,Adriaan,1,200, 28.469036,239
2022-03-24T00:41:34.472770,2000,20,2,relu,adam,64,1.0,0.958,Adriaan,3,100, 28.482570,240
2022-03-24T00:45:56.711734,5000,20,7,relu,adam,70,1.0,0.8512,Adriaan,3,200, 28.501401,241
2022-03-24T00:19:03.418178,2000,50,2,relu,adam,151,1.0,0.946,Adriaan,1,100, 28.503359,242
2022-03-24T00:37:17.776555,5000,100,2,relu,adam,63,1.0,0.9416,Adriaan,2,100, 29.358090,243
2022-03-24T00:23:18.104413,5000,100,2,relu,adam,85,1.0,0.94,Adriaan,1,100, 29.980293,244
2022-03-24T00:27:11.184113,5000,20,2,relu,adam,106,1.0,0.9624,Adriaan,2,100, 30.018946,245
2022-03-24T00:26:39.698715,2000,20,2,relu,adam,107,1.0,0.95,Adriaan,2,100, 30.033459,246
2022-03-24T00:32:32.297386,5000,50,2,relu,adam,57,1.0,0.9648,Adriaan,2,100, 30.100334,247
2022-03-24T00:42:05.114917,5000,20,2,relu,adam,54,1.0,0.9584,Adriaan,3,100, 30.141966,248
2022-03-24T00:15:06.092118,5000,20,2,relu,adam,200,0.9968,0.9616,Adriaan,1,100, 30.332782,249
2022-03-24T00:19:27.454724,5000,50,2,relu,adam,114,1.0,0.9712,Adriaan,1,100, 30.771227,250
2022-03-24T00:18:42.277801,1000,50,2,relu,adam,196,1.0,0.9,Adriaan,1,100, 31.641079,251
2022-03-24T00:14:38.640534,2000,20,2,relu,adam,200,0.998,0.934,Adriaan,1,100, 31.800395,252
